identifier,permalink,staged
3DFM,https://joeeasterly.github.io/go/3dfm,2024-02-08 17:38:56
6FW9,https://joeeasterly.github.io/go/6fw9,2024-02-08 17:38:56
ST72,https://joeeasterly.github.io/go/st72,2024-02-08 17:38:56
FVHA,https://joeeasterly.github.io/go/fvha,2024-02-08 17:38:56
Z5CG,https://joeeasterly.github.io/go/z5cg,2024-02-08 17:38:56
DVXE,https://joeeasterly.github.io/go/dvxe,2024-02-08 17:38:56
PGGF,https://joeeasterly.github.io/go/pggf,2024-02-08 17:38:56
2RYP,https://joeeasterly.github.io/go/2ryp,2024-02-08 17:38:56
9VA2,https://joeeasterly.github.io/go/9va2,2024-02-08 17:38:56
W9G1,https://joeeasterly.github.io/go/w9g1,2024-02-08 17:38:56
Y2GN,https://joeeasterly.github.io/go/y2gn,2024-02-08 17:38:56
3NT8,https://joeeasterly.github.io/go/3nt8,2024-02-08 17:38:56
3NHB,https://joeeasterly.github.io/go/3nhb,2024-02-08 17:38:56
5TG1,https://joeeasterly.github.io/go/5tg1,2024-02-08 17:38:56
YFWC,https://joeeasterly.github.io/go/yfwc,2024-02-08 17:38:56
7KC8,https://joeeasterly.github.io/go/7kc8,2024-02-08 17:38:56
ZTR7,https://joeeasterly.github.io/go/ztr7,2024-02-08 17:38:56
4DST,https://joeeasterly.github.io/go/4dst,2024-02-08 17:38:56
2QZV,https://joeeasterly.github.io/go/2qzv,2024-02-08 17:38:56
8NW9,https://joeeasterly.github.io/go/8nw9,2024-02-08 17:38:56
SJRV,https://joeeasterly.github.io/go/sjrv,2024-02-08 17:38:56
BUNY,https://joeeasterly.github.io/go/buny,2024-02-08 17:38:56
42K6,https://joeeasterly.github.io/go/42k6,2024-02-08 17:38:56
2J6Q,https://joeeasterly.github.io/go/2j6q,2024-02-08 17:38:56
Q8AU,https://joeeasterly.github.io/go/q8au,2024-02-08 17:38:56
RCKH,https://joeeasterly.github.io/go/rckh,2024-02-08 17:38:56
GB52,https://joeeasterly.github.io/go/gb52,2024-02-08 17:38:56
D2N7,https://joeeasterly.github.io/go/d2n7,2024-02-08 17:38:56
2CUJ,https://joeeasterly.github.io/go/2cuj,2024-02-08 17:38:56
E24Y,https://joeeasterly.github.io/go/e24y,2024-02-08 17:38:56
G85Y,https://joeeasterly.github.io/go/g85y,2024-02-08 17:38:56
Q8YA,https://joeeasterly.github.io/go/q8ya,2024-02-08 17:38:56
79B4,https://joeeasterly.github.io/go/79b4,2024-02-08 17:38:56
UX2J,https://joeeasterly.github.io/go/ux2j,2024-02-08 17:38:56
SRKA,https://joeeasterly.github.io/go/srka,2024-02-08 17:38:56
CZKG,https://joeeasterly.github.io/go/czkg,2024-02-08 17:38:56
MR7T,https://joeeasterly.github.io/go/mr7t,2024-02-08 17:38:56
XAMG,https://joeeasterly.github.io/go/xamg,2024-02-08 17:38:56
X48W,https://joeeasterly.github.io/go/x48w,2024-02-08 17:38:56
THNY,https://joeeasterly.github.io/go/thny,2024-02-08 17:38:56
SKBT,https://joeeasterly.github.io/go/skbt,2024-02-08 17:38:56
T2R8,https://joeeasterly.github.io/go/t2r8,2024-02-08 17:38:56
KFR7,https://joeeasterly.github.io/go/kfr7,2024-02-08 17:38:56
9SJU,https://joeeasterly.github.io/go/9sju,2024-02-08 17:38:56
92BU,https://joeeasterly.github.io/go/92bu,2024-02-08 17:38:56
3WUC,https://joeeasterly.github.io/go/3wuc,2024-02-08 17:38:56
6A6C,https://joeeasterly.github.io/go/6a6c,2024-02-08 17:38:56
8B1D,https://joeeasterly.github.io/go/8b1d,2024-02-08 17:38:56
5VA7,https://joeeasterly.github.io/go/5va7,2024-02-08 17:38:56
GMHS,https://joeeasterly.github.io/go/gmhs,2024-02-08 17:38:56
